id,type,name,status,description,epic
1,TASK,Забрать посылку с почты,NEW,До 15.06.22,
2,TASK,Пропылесосить квартиру,NEW,До 13.06.22,
5,SUBTASK,Сделать прививку от бешенства,NEW,Не забыть про штамп!,3
6,SUBTASK,Пройти ветконтроль в аэропорту,DONE,Приехать за 3 часа до вылета,3
7,SUBTASK,Сесть в самолёт,NEW,Переноску можно поставить на колени,3
3,EPIC,Получить полётный сертификат для кота,IN_PROGRESS,Действует 3 дня,
4,EPIC,Подготовить велосипед к сезону,NEW,Перед выходными,

2,7,4,
id,type,name,status,description,epic
1,TASK,Забрать посылку с почты,NEW,До 15.06.22,

id,type,name,status,description,epic
1,TASK,Забрать посылку с почты,NEW,До 15.06.22,
2,TASK,Пропылесосить квартиру,NEW,До 13.06.22,

id,type,name,status,description,epic
1,TASK,Забрать посылку с почты,NEW,До 15.06.22,
2,TASK,Пропылесосить квартиру,NEW,До 13.06.22,
3,EPIC,Получить полётный сертификат для кота,NEW,Действует 3 дня,

id,type,name,status,description,epic
1,TASK,Забрать посылку с почты,NEW,До 15.06.22,
2,TASK,Пропылесосить квартиру,NEW,До 13.06.22,
3,EPIC,Получить полётный сертификат для кота,NEW,Действует 3 дня,
4,EPIC,Подготовить велосипед к сезону,NEW,Перед выходными,

id,type,name,status,description,epic
1,TASK,Забрать посылку с почты,NEW,До 15.06.22,
2,TASK,Пропылесосить квартиру,NEW,До 13.06.22,
5,SUBTASK,Сделать прививку от бешенства,NEW,Не забыть про штамп!,3
3,EPIC,Получить полётный сертификат для кота,NEW,Действует 3 дня,
4,EPIC,Подготовить велосипед к сезону,NEW,Перед выходными,

id,type,name,status,description,epic
1,TASK,Забрать посылку с почты,NEW,До 15.06.22,
2,TASK,Пропылесосить квартиру,NEW,До 13.06.22,
5,SUBTASK,Сделать прививку от бешенства,NEW,Не забыть про штамп!,3
6,SUBTASK,Пройти ветконтроль в аэропорту,DONE,Приехать за 3 часа до вылета,3
3,EPIC,Получить полётный сертификат для кота,IN_PROGRESS,Действует 3 дня,
4,EPIC,Подготовить велосипед к сезону,NEW,Перед выходными,

id,type,name,status,description,epic
1,TASK,Забрать посылку с почты,NEW,До 15.06.22,
2,TASK,Пропылесосить квартиру,NEW,До 13.06.22,
5,SUBTASK,Сделать прививку от бешенства,NEW,Не забыть про штамп!,3
6,SUBTASK,Пройти ветконтроль в аэропорту,DONE,Приехать за 3 часа до вылета,3
7,SUBTASK,Сесть в самолёт,NEW,Переноску можно поставить на колени,3
3,EPIC,Получить полётный сертификат для кота,IN_PROGRESS,Действует 3 дня,
4,EPIC,Подготовить велосипед к сезону,NEW,Перед выходными,

id,type,name,status,description,epic
1,TASK,Забрать посылку с почты,NEW,До 15.06.22,

id,type,name,status,description,epic
1,TASK,Забрать посылку с почты,NEW,До 15.06.22,
2,TASK,Пропылесосить квартиру,NEW,До 13.06.22,

id,type,name,status,description,epic
1,TASK,Забрать посылку с почты,NEW,До 15.06.22,
2,TASK,Пропылесосить квартиру,NEW,До 13.06.22,
3,EPIC,Получить полётный сертификат для кота,NEW,Действует 3 дня,

id,type,name,status,description,epic
1,TASK,Забрать посылку с почты,NEW,До 15.06.22,
2,TASK,Пропылесосить квартиру,NEW,До 13.06.22,
3,EPIC,Получить полётный сертификат для кота,NEW,Действует 3 дня,
4,EPIC,Подготовить велосипед к сезону,NEW,Перед выходными,

id,type,name,status,description,epic
1,TASK,Забрать посылку с почты,NEW,До 15.06.22,
2,TASK,Пропылесосить квартиру,NEW,До 13.06.22,
5,SUBTASK,Сделать прививку от бешенства,NEW,Не забыть про штамп!,3
3,EPIC,Получить полётный сертификат для кота,NEW,Действует 3 дня,
4,EPIC,Подготовить велосипед к сезону,NEW,Перед выходными,

id,type,name,status,description,epic
1,TASK,Забрать посылку с почты,NEW,До 15.06.22,
2,TASK,Пропылесосить квартиру,NEW,До 13.06.22,
5,SUBTASK,Сделать прививку от бешенства,NEW,Не забыть про штамп!,3
6,SUBTASK,Пройти ветконтроль в аэропорту,DONE,Приехать за 3 часа до вылета,3
3,EPIC,Получить полётный сертификат для кота,IN_PROGRESS,Действует 3 дня,
4,EPIC,Подготовить велосипед к сезону,NEW,Перед выходными,

id,type,name,status,description,epic
1,TASK,Забрать посылку с почты,NEW,До 15.06.22,
2,TASK,Пропылесосить квартиру,NEW,До 13.06.22,
5,SUBTASK,Сделать прививку от бешенства,NEW,Не забыть про штамп!,3
6,SUBTASK,Пройти ветконтроль в аэропорту,DONE,Приехать за 3 часа до вылета,3
7,SUBTASK,Сесть в самолёт,NEW,Переноску можно поставить на колени,3
3,EPIC,Получить полётный сертификат для кота,IN_PROGRESS,Действует 3 дня,
4,EPIC,Подготовить велосипед к сезону,NEW,Перед выходными,

